ZAB,-105.341667,36.716667
ZAB,-105,36.716667
ZAB,-103.150002,37.308334
ZAB,-102.558334,37.500000
ZAB,-102.550003,37.500000
ZAB,-102.183334,37.041668
ZAB,-101.75,36.500000
ZAB,-100,35.829166
ZAB,-100,35.333332
ZAB,-100.316666,34.866665
ZAB,-100.75,34.466667
ZAB,-102,34.599998
ZAB,-102.324997,34.549999
ZAB,-102.800003,34.316666
ZAB,-103.366669,33.775002
ZAB,-103.487503,33.637501
ZAB,-103.691666,33.402779
ZAB,-103.800003,33.383335
ZAB,-103.800003,33.000000
ZAB,-103.933334,32.466667
ZAB,-103.800003,32.033333
ZAB,-103.333336,31.650000
ZAB,-102.150002,31.283333
ZAB,-102.150002,29.808332
ZAB,-102.150002,29.251389
ZAB,-103.150002,28.950001
ZAB,-103.300003,28.950001
ZAB,-103.316666,28.950001
ZAB,-104.51667,29.433332
ZAB,-105,30.633333
ZAB,-105.800003,31.000000
ZAB,-106.449997,31.533333
ZAB,-108.199997,31.816668
ZAB,-108.199997,31.333334
ZAB,-110.75,31.333334
ZAB,-111.083336,31.333334
ZAB,-113.5,32.099998
ZAB,-113.684723,32.737499
ZAB,-114,32.683334
ZAB,-114,32.944443
ZAB,-114,33.766666
ZAB,-114,33.944443
ZAB,-114,34.666668
ZAB,-113.616669,34.916668
ZAB,-112.666664,35.383335
ZAB,-112,35.400002
ZAB,-112,35.433334
ZAB,-111.841667,35.766666
ZAB,-111.366669,35.741665
ZAB,-110.23333,35.700001
ZAB,-109.316666,35.849998
ZAB,-108.216667,36.033333
ZAB,-107.466667,36.200001
ZAB,-106.349998,36.625000
ZAB,-106.083336,36.716667
ZAB,-105.341667,36.716667
ZAU,-87.169441,43.691666
ZAU,-87,43.685001
ZAU,-86.216667,43.651112
ZAU,-85.741669,43.628056
ZAU,-84.963608,43.586666
ZAU,-85,43.500000
ZAU,-85,43.341667
ZAU,-85,43.083332
ZAU,-85,42.966667
ZAU,-85,42.166668
ZAU,-85,41.849998
ZAU,-84.76667,41.858334
ZAU,-84.76667,41.799999
ZAU,-84.75,41.583332
ZAU,-84.716667,41.283333
ZAU,-84.699997,40.908333
ZAU,-84.683334,40.775002
ZAU,-84.683334,40.666668
ZAU,-85.191666,40.483334
ZAU,-85.23333,40.466667
ZAU,-85.525002,40.354168
ZAU,-86.099998,40.000000
ZAU,-86.316666,40.000000
ZAU,-87.202774,40.000000
ZAU,-88,40.000000
ZAU,-88.25,40.000000
ZAU,-88.666664,40.000000
ZAU,-89.75,40.000000
ZAU,-90.568054,40.338890
ZAU,-91.650002,40.783333
ZAU,-91.741669,40.763889
ZAU,-93.491669,40.525002
ZAU,-93.550003,40.916668
ZAU,-93.599998,41.166668
ZAU,-93.508331,41.433334
ZAU,-93.466667,41.666668
ZAU,-93.050003,42.666668
ZAU,-93,42.783333
ZAU,-91.724998,42.724998
ZAU,-90.765282,43.688889
ZAU,-90.64167,43.816666
ZAU,-90.550003,43.900002
ZAU,-90.422218,44.038891
ZAU,-90.291664,44.154167
ZAU,-90.083336,44.154167
ZAU,-89.977776,44.154167
ZAU,-89.629166,44.154167
ZAU,-89.587502,44.154167
ZAU,-89.370834,44.183334
ZAU,-89.076111,44.224998
ZAU,-88.754166,44.159443
ZAU,-88.466667,44.099998
ZAU,-87.541664,43.966667
ZNY,-73.713890,40.215279
ZNY,-74.020836,40.141666
ZNY,-74.684723,39.983334
ZNY,-74.783333,40.109722
ZNY,-74.863892,40.112499
ZNY,-74.949997,40.086113
ZNY,-75.027779,40.093056
ZNY,-75.341667,40.066666
ZNY,-75.463890,39.966389
ZNY,-75.650002,39.849998
ZNY,-75.901665,39.691666
ZNY,-75.965553,39.645000
ZNY,-76.041664,39.595276
ZNY,-76.347221,39.391666
ZNY,-76.855553,39.384998
ZNY,-77.135559,39.455002
ZNY,-77.241669,39.486111
ZNY,-77.358330,39.509998
ZNY,-77.355553,39.539444
ZNY,-77.356667,39.683334
ZNY,-77.350830,39.779167
ZNY,-77.617226,39.772221
ZNY,-77.840279,39.855556
ZNY,-77.858330,40.156944
ZNY,-77.875000,40.450001
ZNY,-77.872223,40.516666
ZNY,-77.879166,40.549999
ZNY,-77.933334,40.608334
ZNY,-78.127777,40.858334
ZNY,-77.949997,41.119446
ZNY,-77.808334,41.308334
ZNY,-77.633331,41.555557
ZNY,-77.541664,41.677776
ZNY,-77.416664,41.875000
ZNY,-77.236115,42.174999
ZNY,-77.041664,42.302776
ZNY,-76.416664,42.333332
ZNY,-76.233330,42.366665
ZNY,-76.052780,42.311943
ZNY,-76.016670,42.283333
ZNY,-75.341667,41.988888
ZNY,-74.908333,41.801388
ZNY,-74.800003,41.758335
ZNY,-74.766670,41.733334
ZNY,-74.658333,41.625000
ZNY,-74.433334,41.527779
ZNY,-74.344444,41.494446
ZNY,-74.058334,41.333332
ZNY,-74.050003,41.311111
ZNY,-73.895836,41.258335
ZNY,-73.862503,41.000000
ZNY,-73.877777,40.968056
ZNY,-73.868057,40.850555
ZNY,-73.754166,40.851387
ZNY,-73.377777,40.858334
ZNY,-73.291664,40.801388
ZNY,-73.441666,40.588890
ZNY,-73.636108,40.331944
ZNY,-73.713890,40.215279
ZBW,-71.48333,45.016666
ZBW,-71.333336,45.283333
ZBW,-71,45.316666
ZBW,-70.724998,45.525002
ZBW,-70.502777,45.686111
ZBW,-70.25,45.908333
ZBW,-70.208336,46.308334
ZBW,-70.059166,46.418056
ZBW,-70,46.691666
ZBW,-69.216667,47.450001
ZBW,-69,47.393055
ZBW,-68.566666,47.287498
ZBW,-68.394447,47.408333
ZBW,-68.272224,47.458332
ZBW,-68.199997,47.488888
ZBW,-68.066666,47.516666
ZBW,-68,47.525002
ZBW,-67.75,47.533333
ZBW,-67.527779,47.472221
ZBW,-67.333336,47.386112
ZBW,-67.175003,47.269444
ZBW,-67.083336,47.133335
ZBW,-67.041664,46.980556
ZBW,-67.058334,46.827778
ZBW,-67.133331,46.691666
ZBW,-67.255554,46.569443
ZBW,-67.300003,46.536110
ZBW,-67.216667,46.200001
ZBW,-67.216667,46.143055
ZBW,-67.583336,45.825001
ZBW,-67.802223,45.784168
ZBW,-67.758331,45.625000
ZBW,-67.333336,45.250000
ZBW,-67,44.933334
ZBW,-67,43.799999
ZBW,-66.999443,41.866669
ZBW,-67,41.616666
ZBW,-69,41.000000
ZBW,-69.341667,40.924999
ZBW,-70.87944,40.576668
ZBW,-71.311111,40.447777
ZBW,-71.335281,40.441387
ZBW,-71.511108,40.389721
ZBW,-72.5,40.072224
ZBW,-72.781944,40.198612
ZBW,-73.008331,39.994446
ZBW,-73.150002,39.733334
ZBW,-73.166664,39.683334
ZBW,-73.283333,39.733334
ZBW,-73.729164,39.933334
ZBW,-73.71389,40.215279
ZBW,-73.636108,40.331944
ZBW,-73.441666,40.588890
ZBW,-73.291664,40.801388
ZBW,-73.377777,40.858334
ZBW,-73.754166,40.851387
ZBW,-73.868057,40.850555
ZBW,-73.877777,40.968056
ZBW,-73.862503,41.000000
ZBW,-73.895836,41.258335
ZBW,-74.050003,41.311111
ZBW,-74.058334,41.333332
ZBW,-74.344444,41.494446
ZBW,-74.433334,41.527779
ZBW,-74.658333,41.625000
ZBW,-74.76667,41.733334
ZBW,-74.800003,41.758335
ZBW,-74.908333,41.801388
ZBW,-75.341667,41.988888
ZBW,-76.01667,42.283333
ZBW,-76.05278,42.311943
ZBW,-76.23333,42.366665
ZBW,-76.80278,42.608334
ZBW,-76.683334,42.791668
ZBW,-76.666664,42.883335
ZBW,-76.73333,43.016666
ZBW,-76.763885,43.066666
ZBW,-76.775002,43.329166
ZBW,-76.791664,43.633335
ZBW,-76.429083,44.089389
ZBW,-76.183333,44.222222
ZBW,-76.160811,44.295008
ZBW,-75.9685,44.387508
ZBW,-75.75,44.533333
ZBW,-74.769722,44.813332
ZBW,-74.683334,44.833332
ZBW,-74.194443,44.976387
ZBW,-73.400002,45.000000
ZDC,-79,39.533333
ZDC,-78.652779,39.638889
ZDC,-78.558334,39.671665
ZDC,-78.199997,39.766666
ZDC,-77.837502,39.788887
ZDC,-77.840279,39.855556
ZDC,-77.617226,39.772221
ZDC,-77.35083,39.779167
ZDC,-77.356667,39.683334
ZDC,-77.355553,39.539444
ZDC,-77.35833,39.509998
ZDC,-77.241669,39.486111
ZDC,-77.135559,39.455002
ZDC,-76.855553,39.384998
ZDC,-76.347221,39.391666
ZDC,-76.041664,39.595276
ZDC,-75.965553,39.645000
ZDC,-75.901665,39.691666
ZDC,-75.650002,39.849998
ZDC,-75.46389,39.966389
ZDC,-75.341667,40.066666
ZDC,-75.027779,40.093056
ZDC,-74.949997,40.086113
ZDC,-74.863892,40.112499
ZDC,-74.783333,40.109722
ZDC,-74.684723,39.983334
ZDC,-74.020836,40.141666
ZDC,-73.71389,40.215279
ZDC,-73.729164,39.933334
ZDC,-73.283333,39.733334
ZDC,-73.166664,39.683334
ZDC,-73.150002,39.733334
ZDC,-72.884171,39.733334
ZDC,-72.5,39.337223
ZDC,-72.270554,39.096668
ZDC,-72.5,38.766666
ZDC,-72.800003,38.333332
ZDC,-72.834442,38.283333
ZDC,-73.51667,38.566666
ZDC,-73.849998,38.741669
ZDC,-73.98333,38.541668
ZDC,-74.5997,36.787700
ZDC,-74.9369,35.496900
ZDC,-75.19,35.308000
ZDC,-75.6822,34.600800
ZDC,-76.7794,32.967700
ZDC,-78.074997,33.950001
ZDC,-78.191666,34.041668
ZDC,-78.75,34.444443
ZDC,-79.333336,34.424999
ZDC,-79.833336,34.788887
ZDC,-79.916664,34.849998
ZDC,-80.147224,34.855556
ZDC,-80,35.108334
ZDC,-79.800003,35.383335
ZDC,-79.745834,36.087502
ZDC,-79.949997,36.154167
ZDC,-79.973335,36.200001
ZDC,-80.25,36.666668
ZDC,-80.259445,36.684723
ZDC,-80.581108,37.255554
ZDC,-80.630554,37.333332
ZDC,-80.748055,37.303612
ZDC,-80.838608,37.470833
ZDC,-80.716667,38.041668
ZDC,-80.650002,38.299999
ZDC,-80.566666,38.766666
ZDC,-80.400002,39.166668
ZDC,-79.894447,39.173611
ZDC,-79.543053,39.370834
ZDV,-107.066666,42.483334
ZDV,-107.283333,43.883335
ZDV,-106.26667,44.316666
ZDV,-106,45.237499
ZDV,-104.25,45.116665
ZDV,-103.166664,44.958332
ZDV,-101.48333,44.700001
ZDV,-101.408333,43.708332
ZDV,-100.099998,43.288887
ZDV,-99.01667,42.000000
ZDV,-99.025002,41.716667
ZDV,-99.047226,40.883335
ZDV,-99.058334,39.983334
ZDV,-98.800003,39.466667
ZDV,-99.5,39.116665
ZDV,-100.875,38.408333
ZDV,-101.158333,38.258335
ZDV,-102.558334,37.500000
ZDV,-103.150002,37.308334
ZDV,-105,36.716667
ZDV,-105.341667,36.716667
ZDV,-106.083336,36.716667
ZDV,-106.349998,36.625000
ZDV,-107.466667,36.200001
ZDV,-108.216667,36.033333
ZDV,-109.316666,35.849998
ZDV,-110.23333,35.700001
ZDV,-111.366669,35.741665
ZDV,-111.841667,35.766666
ZDV,-111.504166,36.420834
ZDV,-111.60833,36.733334
ZDV,-111.879166,37.412498
ZDV,-110.883331,37.833332
ZDV,-110.156944,38.129166
ZDV,-109.98333,38.200001
ZDV,-109.98333,38.933334
ZDV,-109.98333,39.216667
ZDV,-110.300003,39.583332
ZDV,-109.816666,39.763889
ZDV,-109.166664,40.000000
ZDV,-109.150002,40.233334
ZDV,-109.099998,40.849998
ZDV,-108.275002,41.366665
ZDV,-107.050003,42.416668
ZFW,-96.949997,35.495834
ZFW,-96.404167,35.650002
ZFW,-96.050003,35.870834
ZFW,-95.612503,36.016666
ZFW,-95,35.654167
ZFW,-95,35.383335
ZFW,-95,35.066666
ZFW,-94.925003,34.933334
ZFW,-94.783333,34.691666
ZFW,-94.783333,34.683334
ZFW,-94.533333,34.533333
ZFW,-93.541664,34.033333
ZFW,-93.158333,33.950001
ZFW,-93.008331,33.833332
ZFW,-92.400002,33.375000
ZFW,-91.900002,33.004166
ZFW,-91.688889,32.283333
ZFW,-92.258331,32.283333
ZFW,-93.320831,31.558332
ZFW,-93.566666,31.566668
ZFW,-94.199997,31.572222
ZFW,-94.800003,31.545834
ZFW,-94.875,31.547222
ZFW,-95.98333,31.466667
ZFW,-96.270836,31.358334
ZFW,-96.283333,31.408333
ZFW,-96.48333,31.205555
ZFW,-96.683334,31.204166
ZFW,-97,31.201389
ZFW,-97.283333,31.200001
ZFW,-97.512497,31.212500
ZFW,-97.712502,31.375000
ZFW,-97.794441,31.390278
ZFW,-99.466667,31.383333
ZFW,-100.099998,31.147223
ZFW,-100.550003,30.983334
ZFW,-102.150002,31.283333
ZFW,-103.333336,31.650000
ZFW,-103.800003,32.033333
ZFW,-103.933334,32.466667
ZFW,-103.800003,33.000000
ZFW,-103.800003,33.383335
ZFW,-103.691666,33.402779
ZFW,-103.487503,33.637501
ZFW,-103.366669,33.775002
ZFW,-102.800003,34.316666
ZFW,-102.324997,34.549999
ZFW,-102,34.599998
ZFW,-100.75,34.466667
ZFW,-100.316666,34.866665
ZFW,-100,35.333332
ZFW,-100,35.829166
ZFW,-99.227776,35.816666
ZFW,-98.5,35.816666
ZFW,-98.01667,35.883335
ZFW,-97.883331,35.924999
ZFW,-97.583336,35.491665
ZFW,-97.083336,35.458332
ZFW,-96.949997,35.495834
ZHU,-93.566666,31.566668
ZHU,-93.320831,31.558332
ZHU,-92.258331,32.283333
ZHU,-91.688889,32.283333
ZHU,-91.308334,31.912500
ZHU,-90.658333,31.729166
ZHU,-90.345833,31.650000
ZHU,-90.033333,31.636110
ZHU,-89.849998,31.630556
ZHU,-89.008331,31.549999
ZHU,-89,31.549999
ZHU,-88.900002,31.547222
ZHU,-88.324997,31.516666
ZHU,-87.816666,31.520834
ZHU,-87.400002,31.280556
ZHU,-87.658333,30.966667
ZHU,-87.716667,30.691668
ZHU,-87.808334,30.683332
ZHU,-87.916664,30.633333
ZHU,-87.916664,30.516666
ZHU,-88.025002,30.233334
ZHU,-88.025002,30.152779
ZHU,-88.025002,29.966667
ZHU,-88,28.141666
ZHU,-87.694443,27.500000
ZHU,-86,27.000000
ZHU,-85.413887,26.602777
ZHU,-85.091667,26.200001
ZHU,-84.999725,25.033611
ZHU,-84.999725,24.000000
ZHU,-88,24.500000
ZHU,-89.23333,24.500000
ZHU,-93,24.500000
ZHU,-95.916664,26.000000
ZHU,-98.425003,26.183332
ZHU,-100.333336,28.433332
ZHU,-102.150002,29.808332
ZHU,-102.150002,31.283333
ZHU,-100.550003,30.983334
ZHU,-100.099998,31.147223
ZHU,-99.466667,31.383333
ZHU,-97.794441,31.390278
ZHU,-97.712502,31.375000
ZHU,-97.512497,31.212500
ZHU,-97.283333,31.200001
ZHU,-97,31.201389
ZHU,-96.683334,31.204166
ZHU,-96.48333,31.205555
ZHU,-96.283333,31.408333
ZHU,-96.270836,31.358334
ZHU,-95.98333,31.466667
ZHU,-94.875,31.547222
ZHU,-94.800003,31.545834
ZHU,-94.199997,31.572222
ZHU,-93.566666,31.566668
ZID,-83.455559,40.705555
ZID,-83.066666,40.570835
ZID,-82.591667,40.554165
ZID,-81.783333,40.599998
ZID,-81.633331,40.216667
ZID,-81.550003,39.750000
ZID,-80.5,39.166668
ZID,-80.400002,39.166668
ZID,-80.566666,38.766666
ZID,-80.650002,38.299999
ZID,-80.716667,38.041668
ZID,-80.838608,37.470833
ZID,-80.748055,37.303612
ZID,-83.222221,36.738888
ZID,-83.558334,36.650002
ZID,-84.583336,36.395832
ZID,-85.400002,36.183334
ZID,-85.583336,36.900002
ZID,-85.745834,37.013889
ZID,-85.970833,37.174999
ZID,-86.150002,37.299999
ZID,-86.491669,37.299999
ZID,-87.397224,37.275002
ZID,-88.316666,37.724998
ZID,-88.23333,38.150002
ZID,-88.094444,38.485279
ZID,-88.10083,38.651390
ZID,-88.102776,38.703609
ZID,-88.110275,38.899166
ZID,-88.129166,39.386112
ZID,-88.148056,39.868332
ZID,-88.183334,39.904167
ZID,-88.25,40.000000
ZID,-88,40.000000
ZID,-87.202774,40.000000
ZID,-86.316666,40.000000
ZID,-86.099998,40.000000
ZID,-85.525002,40.354168
ZID,-85.23333,40.466667
ZID,-85.191666,40.483334
ZID,-84.683334,40.666668
ZID,-84.683334,40.775002
ZID,-84.699997,40.908333
ZID,-83.745834,40.783333
ZID,-83.650002,40.737499
ZID,-83.455559,40.705555
ZJX,-78.191666,34.041668
ZJX,-78.074997,33.950001
ZJX,-76.7794,32.967700
ZJX,-77,32.262200
ZJX,-77,32.250000
ZJX,-77,31.500000
ZJX,-77,30.000000
ZJX,-78.091667,30.108334
ZJX,-78.791664,30.166666
ZJX,-79.184723,30.202778
ZJX,-79.311111,30.137501
ZJX,-79.616669,29.208334
ZJX,-80.183334,29.000000
ZJX,-80.199997,29.000000
ZJX,-80.300003,28.979166
ZJX,-80.73333,28.900000
ZJX,-80.986115,28.727777
ZJX,-81,28.566668
ZJX,-81.5,28.350000
ZJX,-82.208336,28.033333
ZJX,-82.383331,27.950001
ZJX,-82.941666,27.950001
ZJX,-83.117226,28.087221
ZJX,-83.208336,28.158333
ZJX,-83.51667,28.400000
ZJX,-84.01667,28.549999
ZJX,-84.5,28.166668
ZJX,-84.615829,28.062778
ZJX,-84.949997,28.033333
ZJX,-85.25,27.500000
ZJX,-86,27.000000
ZJX,-87.694443,27.500000
ZJX,-88,28.141666
ZJX,-88.025002,29.966667
ZJX,-88.025002,30.152779
ZJX,-88.025002,30.233334
ZJX,-87.916664,30.516666
ZJX,-87.916664,30.633333
ZJX,-87.808334,30.683332
ZJX,-87.716667,30.691668
ZJX,-87.658333,30.966667
ZJX,-87.400002,31.280556
ZJX,-86.949997,31.491667
ZJX,-85.89167,31.706944
ZJX,-85.583336,31.762501
ZJX,-85.308334,31.533333
ZJX,-84.537498,31.627777
ZJX,-84.162498,31.674999
ZJX,-84.099998,31.683332
ZJX,-83.341667,31.683332
ZJX,-83.112503,31.683332
ZJX,-82.741669,31.913889
ZJX,-82.333336,32.166668
ZJX,-81.933334,32.562500
ZJX,-81.900002,32.677776
ZJX,-81.841667,32.904167
ZJX,-81.849998,33.888889
ZJX,-81.777779,34.038887
ZJX,-81.679169,34.250000
ZJX,-81.333336,34.394444
ZJX,-80.468887,34.747501
ZJX,-80.147224,34.855556
ZJX,-79.916664,34.849998
ZJX,-79.833336,34.788887
ZJX,-79.333336,34.424999
ZJX,-78.75,34.444443
ZKC,-93.900002,40.450001
ZKC,-93.491669,40.525002
ZKC,-91.741669,40.763889
ZKC,-91.650002,40.783333
ZKC,-90.568054,40.338890
ZKC,-89.75,40.000000
ZKC,-88.666664,40.000000
ZKC,-88.25,40.000000
ZKC,-88.183334,39.904167
ZKC,-88.148056,39.868332
ZKC,-88.129166,39.386112
ZKC,-88.110275,38.899166
ZKC,-88.102776,38.703609
ZKC,-88.10083,38.651390
ZKC,-88.094444,38.485279
ZKC,-88.23333,38.150002
ZKC,-88.316666,37.724998
ZKC,-88.316666,37.716667
ZKC,-88.833336,37.533333
ZKC,-89.050003,37.483334
ZKC,-90.566666,37.150002
ZKC,-91.041664,37.066666
ZKC,-92.841667,36.791668
ZKC,-93.25,36.724998
ZKC,-93.75,36.625000
ZKC,-94.408333,36.491665
ZKC,-94.683334,36.433334
ZKC,-95.195831,36.287498
ZKC,-95.400002,36.204166
ZKC,-95.612503,36.016666
ZKC,-96.050003,35.870834
ZKC,-96.404167,35.650002
ZKC,-96.949997,35.495834
ZKC,-97.083336,35.458332
ZKC,-97.583336,35.491665
ZKC,-97.883331,35.924999
ZKC,-98.01667,35.883335
ZKC,-98.5,35.816666
ZKC,-99.227776,35.816666
ZKC,-100,35.829166
ZKC,-101.75,36.500000
ZKC,-102.183334,37.041668
ZKC,-102.550003,37.500000
ZKC,-102.558334,37.500000
ZKC,-101.158333,38.258335
ZKC,-100.875,38.408333
ZKC,-99.5,39.116665
ZKC,-98.800003,39.466667
ZKC,-98.683334,39.474998
ZKC,-97.441666,39.758335
ZKC,-96.166664,40.049999
ZKC,-96.066666,40.066666
ZKC,-95.558334,40.158333
ZLA,-116.183334,37.883335
ZLA,-114.199997,38.016666
ZLA,-113.650002,37.883335
ZLA,-113.783333,37.716667
ZLA,-113,37.500000
ZLA,-112.058334,37.500000
ZLA,-111.879166,37.412498
ZLA,-111.60833,36.733334
ZLA,-111.504166,36.420834
ZLA,-111.841667,35.766666
ZLA,-112,35.433334
ZLA,-112,35.400002
ZLA,-112.666664,35.383335
ZLA,-113.616669,34.916668
ZLA,-114,34.666668
ZLA,-114,33.944443
ZLA,-114,33.766666
ZLA,-114,32.944443
ZLA,-114,32.683334
ZLA,-113.684723,32.737499
ZLA,-113.5,32.099998
ZLA,-114,32.250000
ZLA,-114.8125,32.493057
ZLA,-114.715279,32.715279
ZLA,-115.216667,32.686111
ZLA,-116.48333,32.590279
ZLA,-116.699997,32.575001
ZLA,-117.123611,32.534168
ZLA,-117.314163,32.446667
ZLA,-120.833336,30.750000
ZLA,-123.25,34.500000
ZLA,-121.216667,35.383335
ZLA,-120.849998,35.541668
ZLA,-120.5625,35.616665
ZLA,-120.231941,35.716667
ZLA,-120.116669,35.750000
ZLA,-119.763885,35.893055
ZLA,-119.533333,36.000000
ZLA,-119.166664,36.133335
ZLA,-118.583336,36.133335
ZLA,-118.583336,36.570835
ZLA,-118.583336,37.200001
ZLA,-117.333336,37.200001
ZLA,-117,37.366665
ZLA,-117.074997,37.441666
ZLA,-117.01667,37.883335
ZLC,-115,46.416668
ZLC,-115,46.566666
ZLC,-115,46.750000
ZLC,-115,47.150002
ZLC,-115,48.416668
ZLC,-114.666664,49.000000
ZLC,-113,49.000000
ZLC,-110,49.000000
ZLC,-109.183334,49.000000
ZLC,-103.166664,49.000000
ZLC,-103.166664,46.450001
ZLC,-103.166664,44.958332
ZLC,-104.25,45.116665
ZLC,-106,45.237499
ZLC,-106.26667,44.316666
ZLC,-107.283333,43.883335
ZLC,-107.133331,42.950001
ZLC,-107.050003,42.416668
ZLC,-108.275002,41.366665
ZLC,-109.099998,40.849998
ZLC,-109.150002,40.233334
ZLC,-109.166664,40.000000
ZLC,-109.816666,39.763889
ZLC,-110.300003,39.583332
ZLC,-109.98333,39.216667
ZLC,-109.98333,38.933334
ZLC,-109.98333,38.200001
ZLC,-110.156944,38.129166
ZLC,-110.883331,37.833332
ZLC,-111.879166,37.412498
ZLC,-112.058334,37.500000
ZLC,-113,37.500000
ZLC,-113.783333,37.716667
ZLC,-113.650002,37.883335
ZLC,-114.199997,38.016666
ZLC,-116.183334,37.883335
ZLC,-117.01667,37.883335
ZLC,-117.26667,38.083332
ZLC,-117.291664,38.777779
ZLC,-117.308334,38.816666
ZLC,-117.324997,39.216667
ZLC,-117.366669,39.933334
ZLC,-119.5,41.000000
ZLC,-119.099998,42.333332
ZLC,-119,42.666668
ZLC,-119.283333,43.633335
ZLC,-118.933334,44.166668
ZLC,-118.449997,44.849998
ZLC,-117.916664,45.233334
ZLC,-117.75,45.333332
ZLC,-115,45.333332
ZMA,-78.791664,30.166666
ZMA,-78.091667,30.108334
ZMA,-77,30.000000
ZMA,-76.27,27.800000
ZMA,-74.833336,27.833332
ZMA,-74.290833,26.909721
ZMA,-73.75,26.000000
ZMA,-73.199997,25.000000
ZMA,-68.483333,25.000000
ZMA,-68.133333,23.516666
ZMA,-67.75,21.133333
ZMA,-69.150002,19.650000
ZMA,-70.25,20.283333
ZMA,-70.5,20.416668
ZMA,-71.666664,20.416668
ZMA,-73,20.166668
ZMA,-73.333336,20.000000
ZMA,-75.166664,22.000000
ZMA,-77.75,23.833334
ZMA,-78,24.000000
ZMA,-79.98333,24.000000
ZMA,-80.979164,24.000000
ZMA,-83.716667,23.983334
ZMA,-85,24.000000
ZMA,-84.999725,24.000000
ZMA,-84.999725,25.033611
ZMA,-85.091667,26.200001
ZMA,-85.413887,26.602777
ZMA,-86,27.000000
ZMA,-85.25,27.500000
ZMA,-84.949997,28.033333
ZMA,-84.615829,28.062778
ZMA,-84.5,28.166668
ZMA,-84.01667,28.549999
ZMA,-83.51667,28.400000
ZMA,-83.208336,28.158333
ZMA,-83.117226,28.087221
ZMA,-82.941666,27.950001
ZMA,-82.383331,27.950001
ZMA,-82.208336,28.033333
ZMA,-81.5,28.350000
ZMA,-81,28.566668
ZMA,-80.986115,28.727777
ZMA,-80.73333,28.900000
ZMA,-80.300003,28.979166
ZMA,-80.199997,29.000000
ZMA,-80.183334,29.000000
ZMA,-79.623337,29.208055
ZMA,-79.311111,30.137501
ZMA,-79.184723,30.202778
ZME,-94.783333,34.683334
ZME,-94.783333,34.691666
ZME,-94.925003,34.933334
ZME,-95,35.066666
ZME,-95,35.383335
ZME,-95,35.654167
ZME,-95.612503,36.016666
ZME,-95.400002,36.204166
ZME,-95.195831,36.287498
ZME,-94.683334,36.433334
ZME,-94.408333,36.491665
ZME,-93.75,36.625000
ZME,-93.25,36.724998
ZME,-92.841667,36.791668
ZME,-91.041664,37.066666
ZME,-90.566666,37.150002
ZME,-89.050003,37.483334
ZME,-88.833336,37.533333
ZME,-88.316666,37.716667
ZME,-88.316666,37.724998
ZME,-87.397224,37.275002
ZME,-86.48333,37.299999
ZME,-86.150002,37.299999
ZME,-85.970833,37.174999
ZME,-85.745834,37.013889
ZME,-85.583336,36.900002
ZME,-85.400002,36.183334
ZME,-85.283333,35.650002
ZME,-86,35.516666
ZME,-87,35.333332
ZME,-87,34.366665
ZME,-87.25,34.099998
ZME,-87.550003,34.016666
ZME,-87.566666,33.890278
ZME,-87.633331,33.316666
ZME,-87.808334,33.183334
ZME,-87.986115,33.043056
ZME,-87.849998,32.697224
ZME,-87.945831,32.627777
ZME,-88.347221,32.330555
ZME,-88.324997,31.516666
ZME,-88.900002,31.547222
ZME,-89.008331,31.549999
ZME,-89.849998,31.630556
ZME,-90.033333,31.636110
ZME,-90.345833,31.650000
ZME,-90.658333,31.729166
ZME,-91.308334,31.912500
ZME,-91.688889,32.283333
ZME,-91.900002,33.004166
ZME,-92.400002,33.375000
ZME,-93.008331,33.833332
ZME,-93.158333,33.950001
ZME,-93.541664,34.033333
ZME,-94.533333,34.533333
ZMP,-103.166664,46.450001
ZMP,-103.166664,49.000000
ZMP,-101,49.000000
ZMP,-99.583336,49.000000
ZMP,-96.73333,49.000000
ZMP,-95.333336,49.000000
ZMP,-93.5,49.000000
ZMP,-90.099998,48.108334
ZMP,-89.824997,47.891666
ZMP,-88.775002,47.908333
ZMP,-87,47.083332
ZMP,-85.883331,46.799999
ZMP,-85.633331,46.750000
ZMP,-84.533333,46.383335
ZMP,-84.35833,46.250000
ZMP,-83.583336,45.816666
ZMP,-82.5,45.333332
ZMP,-82.185555,43.916668
ZMP,-82.218887,43.916668
ZMP,-82.585556,43.916668
ZMP,-82.791664,43.916668
ZMP,-83.133331,43.916668
ZMP,-83.25,43.916668
ZMP,-83.29583,43.916668
ZMP,-83.666664,43.916668
ZMP,-84.042503,43.801109
ZMP,-84.199997,43.750000
ZMP,-84.533333,43.645832
ZMP,-84.775002,43.575001
ZMP,-84.963608,43.586666
ZMP,-85.741669,43.628056
ZMP,-86.216667,43.651112
ZMP,-87,43.685001
ZMP,-87.169441,43.691666
ZMP,-87.541664,43.966667
ZMP,-88.466667,44.099998
ZMP,-88.754166,44.159443
ZMP,-89.076111,44.224998
ZMP,-89.370834,44.183334
ZMP,-89.587502,44.154167
ZMP,-89.629166,44.154167
ZMP,-89.977776,44.154167
ZMP,-90.083336,44.154167
ZMP,-90.291664,44.154167
ZMP,-90.422218,44.038891
ZMP,-90.550003,43.900002
ZMP,-90.64167,43.816666
ZMP,-90.765282,43.688889
ZMP,-91.724998,42.724998
ZMP,-93,42.783333
ZMP,-93.050003,42.666668
ZMP,-93.466667,41.666668
ZMP,-93.508331,41.433334
ZMP,-93.599998,41.166668
ZMP,-93.550003,40.916668
ZMP,-93.491669,40.525002
ZMP,-93.900002,40.450001
ZMP,-95.558334,40.158333
ZMP,-96.066666,40.066666
ZMP,-96.166664,40.049999
ZMP,-97.441666,39.758335
ZMP,-98.683334,39.474998
ZMP,-98.800003,39.466667
ZMP,-99.058334,39.983334
ZMP,-99.047226,40.883335
ZMP,-99.025002,41.716667
ZMP,-99.01667,42.000000
ZMP,-100.099998,43.288887
ZMP,-101.408333,43.708332
ZMP,-101.48333,44.700001
ZMP,-103.166664,44.958332
ZMP,-103.166664,46.450001
ZOA,-122.744446,41.333332
ZOA,-122.416664,41.333332
ZOA,-121.25,41.000000
ZOA,-121.133331,41.000000
ZOA,-120.5,41.000000
ZOA,-119.5,41.000000
ZOA,-117.366669,39.933334
ZOA,-117.324997,39.216667
ZOA,-117.308334,38.816666
ZOA,-117.291664,38.777779
ZOA,-117.26667,38.083332
ZOA,-117.01667,37.883335
ZOA,-117.074997,37.441666
ZOA,-117,37.366665
ZOA,-117.333336,37.200001
ZOA,-118.583336,37.200001
ZOA,-118.583336,36.570835
ZOA,-118.583336,36.133335
ZOA,-119.166664,36.133335
ZOA,-119.533333,36.000000
ZOA,-119.763885,35.893055
ZOA,-119.974442,35.808887
ZOA,-120.116669,35.750000
ZOA,-120.231941,35.716667
ZOA,-120.5625,35.616665
ZOA,-120.849998,35.541668
ZOA,-121.216667,35.383335
ZOA,-123.25,34.500000
ZOA,-123.688889,35.150002
ZOA,-124.200279,36.000832
ZOA,-125.025002,35.750000
ZOA,-125.066666,35.753334
ZOA,-125.083336,35.733334
ZOA,-125.834724,35.501389
ZOA,-126.074997,35.708332
ZOA,-126.074997,35.741669
ZOA,-126.10833,35.741669
ZOA,-126.929443,36.459167
ZOA,-126.924446,36.464722
ZOA,-126.933334,36.466946
ZOA,-127,37.500557
ZOA,-126.991669,37.507221
ZOA,-127,37.511944
ZOA,-127,38.460556
ZOA,-127,39.224998
ZOA,-127,40.000000
ZOA,-127,40.833332
ZOA,-126.900002,40.983334
ZOA,-125.333336,40.216667
ZOA,-124.666664,40.216667
ZOA,-123.833336,40.216667
ZOA,-123.533333,40.387501
ZOA,-123.533333,41.333332
ZOA,-122.744446,41.333332
ZOB,-80.386108,42.805557
ZOB,-80.048615,42.825001
ZOB,-79.468056,42.888889
ZOB,-79.050003,42.950001
ZOB,-79.024445,43.193054
ZOB,-78.75,43.433334
ZOB,-78.75,43.599998
ZOB,-78.67778,43.633335
ZOB,-76.791664,43.633335
ZOB,-76.775002,43.329166
ZOB,-76.763885,43.066666
ZOB,-76.73333,43.016666
ZOB,-76.675003,42.879166
ZOB,-76.683334,42.791668
ZOB,-76.80278,42.608334
ZOB,-76.23333,42.366665
ZOB,-76.416664,42.333332
ZOB,-77.041664,42.302776
ZOB,-77.236115,42.174999
ZOB,-77.416664,41.875000
ZOB,-77.541664,41.677776
ZOB,-77.633331,41.555557
ZOB,-77.808334,41.308334
ZOB,-77.949997,41.119446
ZOB,-78.127777,40.858334
ZOB,-77.933334,40.608334
ZOB,-77.879166,40.549999
ZOB,-77.872223,40.516666
ZOB,-77.875,40.450001
ZOB,-77.85833,40.156944
ZOB,-77.834999,39.855000
ZOB,-77.837502,39.788887
ZOB,-78.199997,39.772221
ZOB,-78.558334,39.671665
ZOB,-78.652779,39.638889
ZOB,-79.013885,39.533333
ZOB,-79.543053,39.370834
ZOB,-79.894447,39.173611
ZOB,-80.400002,39.166668
ZOB,-80.5,39.166668
ZOB,-81.550003,39.750000
ZOB,-81.633331,40.216667
ZOB,-81.783333,40.599998
ZOB,-82.591667,40.554165
ZOB,-83.066666,40.570835
ZOB,-83.455559,40.705555
ZOB,-83.650002,40.737499
ZOB,-83.745834,40.783333
ZOB,-84.699997,40.908333
ZOB,-84.716667,41.283333
ZOB,-84.75,41.583332
ZOB,-84.76667,41.799999
ZOB,-84.76667,41.858334
ZOB,-85,41.849998
ZOB,-85,42.166668
ZOB,-85,42.966667
ZOB,-85,43.083332
ZOB,-85,43.333332
ZOB,-85,43.500000
ZOB,-84.963608,43.586666
ZOB,-84.775002,43.575001
ZOB,-84.533333,43.645832
ZOB,-84.199997,43.750000
ZOB,-84.042503,43.801109
ZOB,-83.666664,43.916668
ZOB,-83.29583,43.916668
ZOB,-83.25,43.916668
ZOB,-83.133331,43.916668
ZOB,-82.791664,43.916668
ZOB,-82.585556,43.916668
ZOB,-82.218887,43.916668
ZOB,-82.185555,43.916668
ZOB,-82.099998,43.579166
ZOB,-82.355553,43.133335
ZOB,-82.466667,42.870834
ZOB,-81.220833,42.741665
ZOB,-80.895836,42.779167
ZOB,-80.386108,42.805557
ZSE,-120,49.000000
ZSE,-115.5,49.000000
ZSE,-114.666664,49.000000
ZSE,-115,48.416668
ZSE,-115,47.150002
ZSE,-115,46.750000
ZSE,-115,46.566666
ZSE,-115,46.416668
ZSE,-115,45.333332
ZSE,-117.75,45.333332
ZSE,-117.916664,45.233334
ZSE,-118.449997,44.849998
ZSE,-118.933334,44.166668
ZSE,-119.283333,43.633335
ZSE,-119,42.666668
ZSE,-119.099998,42.333332
ZSE,-119.5,41.000000
ZSE,-120.5,41.000000
ZSE,-121.133331,41.000000
ZSE,-121.25,41.000000
ZSE,-122.416664,41.333332
ZSE,-122.744446,41.333332
ZSE,-123.533333,41.333332
ZSE,-123.533333,40.387501
ZSE,-123.833336,40.216667
ZSE,-124.666664,40.216667
ZSE,-125.333336,40.216667
ZSE,-126.900002,40.983334
ZSE,-126.599998,44.066666
ZSE,-126.5,45.000000
ZSE,-127.083336,46.333332
ZSE,-127.616669,47.500000
ZSE,-128,48.333332
ZSE,-127,48.400002
ZSE,-125,48.500000
ZSE,-124.75,48.500000
ZSE,-124.001114,48.297222
ZSE,-123.678612,48.240276
ZSE,-123.540276,48.230556
ZSE,-123.247498,48.284443
ZSE,-123.114166,48.423332
ZSE,-123.030556,48.647221
ZSE,-122.866669,48.723610
ZSE,-122.659721,48.866665
ZSE,-122.283333,48.866665
ZSE,-120.666664,48.866665
ZSE,-120.333336,49.000000
ZTL,-84.583336,36.395832
ZTL,-83.558334,36.650002
ZTL,-83.222221,36.738888
ZTL,-80.745834,37.304165
ZTL,-80.633331,37.331944
ZTL,-80.581108,37.255554
ZTL,-80.259445,36.684723
ZTL,-80.25,36.666668
ZTL,-79.973335,36.200001
ZTL,-79.949997,36.154167
ZTL,-79.744446,36.088890
ZTL,-79.804169,35.383335
ZTL,-80,35.108334
ZTL,-80.147224,34.855556
ZTL,-80.468887,34.747501
ZTL,-81.333336,34.394444
ZTL,-81.679169,34.250000
ZTL,-81.777779,34.038887
ZTL,-81.849998,33.888889
ZTL,-81.841667,32.904167
ZTL,-81.900002,32.677776
ZTL,-81.933334,32.562500
ZTL,-82.333336,32.166668
ZTL,-82.741669,31.913889
ZTL,-83.112503,31.683332
ZTL,-83.341667,31.683332
ZTL,-84.099998,31.683332
ZTL,-84.162498,31.674999
ZTL,-84.537498,31.627777
ZTL,-85.308334,31.533333
ZTL,-85.583336,31.762501
ZTL,-85.89167,31.706944
ZTL,-86.949997,31.491667
ZTL,-87.400002,31.280556
ZTL,-87.816666,31.520834
ZTL,-88.324997,31.516666
ZTL,-88.347221,32.330555
ZTL,-87.945831,32.627777
ZTL,-87.849998,32.697224
ZTL,-87.986115,33.043056
ZTL,-87.808334,33.183334
ZTL,-87.633331,33.316666
ZTL,-87.566666,33.890278
ZTL,-87.550003,34.016666
ZTL,-87.25,34.099998
ZTL,-87,34.366665
ZTL,-87,35.333332
ZTL,-86,35.516666
ZTL,-85.283333,35.650002
ZTL,-85.400002,36.183334
ZSU,-60.016666,23.483334
ZSU,-62,23.483334
ZSU,-62.463612,23.483334
ZSU,-62.63028,23.483334
ZSU,-64,23.483334
ZSU,-65,23.483334
ZSU,-65.716667,23.483334
ZSU,-65.883331,23.483334
ZSU,-66.833336,23.483334
ZSU,-67,23.483334
ZSU,-67.216667,23.450000
ZSU,-68.033333,22.950000
ZSU,-67.716667,21.133333
ZSU,-67.73333,21.133333
ZSU,-68.333336,20.483334
ZSU,-69.116669,19.666668
ZSU,-67.966667,19.016666
ZSU,-67.98333,18.883333
ZSU,-67.98333,18.783333
ZSU,-67.98333,18.666668
ZSU,-67.98333,18.533333
ZSU,-67.98333,18.433332
ZSU,-67.98333,18.250000
ZSU,-67.98333,18.150000
ZSU,-67.98333,17.833332
ZSU,-67.98333,16.333332
ZSU,-67.98333,16.016666
ZSU,-67.066666,15.700000
ZSU,-67.050003,15.691667
ZSU,-66.25,15.433333
ZSU,-65.599998,15.233333
ZSU,-65,15.016667
ZSU,-64.75,15.016667
ZSU,-63.25,15.016667
ZSU,-63.016666,15.333333
ZSU,-63.016666,15.583333
ZSU,-63.016666,16.516666
ZSU,-63.016666,17.250000
ZSU,-63.016666,17.366667
ZSU,-62.794445,17.519444
ZSU,-62.383331,17.766666
ZSU,-62,18.016666
ZSU,-61.583332,18.016666
ZSU,-60.016666,20.000000
ZSU,-60.016666,21.083332
ZSU,-60.016666,22.000000
ZSU,-60.016666,23.000000
ZLN,+5.000000,55.000000
ZLN,+2.000000,51.500000
ZLN,+2.000000,51.166668
ZLN,+1.466667,51.000000
ZLN,+1.466667,50.666668
ZLN,-0.25,50.000000
ZLN,-2,50.000000
ZLN,-8,48.833332
ZLN,-8,51.000000
ZLN,-5.5,52.333332
ZLN,-5.5,55.000000
ZSC,0,61.000000
ZSC,0,60.000000
ZSC,+5.000000,57.000000
ZSC,+5.000000,55.000000
ZSC,-5.5,55.000000
ZSC,-5.5,53.916668
ZSC,-8.166664,54.416668
ZSC,-6.916664,55.333332
ZSC,-7.333332,55.416668
ZSC,-8.25,55.333332
ZSC,-9,54.750000
ZSC,-10,54.566666
ZSC,-10,61.000000
ZSW,-30,61.000000
ZSW,-10,61.000000
ZSW,-10,54.566666
ZSW,-15,54.000000
ZSW,-15,51.000000
ZSW,-8,51.000000
ZSW,-8,45.000000
ZSW,-30,45.000000
ZSN,-15,54.000000
ZSN,-10,54.566666
ZSN,-9,54.750000
ZSN,-8.25,55.333332
ZSN,-7.333332,55.416668
ZSN,-6.916664,55.333332
ZSN,-8.166664,54.416668
ZSN,-5.5,53.916668
ZSN,-5.5,52.333332
ZSN,-8,51.000000
ZSN,-15,51.000000
ZHN,-156.421111,25.195833
ZHN,-155.263056,24.721389
ZHN,-154.25,24.295833
ZHN,-153.361111,23.780556
ZHN,-152.577778,23.024167
ZHN,-151.885278,22.344167
ZHN,-151.466389,21.547778
ZHN,-151.019167,20.696944
ZHN,-150.503056,19.696389
ZHN,-151.879722,19.223056
ZHN,-154.483333,19.142222
ZHN,-155.711667,18.108889
ZHN,-156.068056,17.805000
ZHN,-156.805833,17.170556
ZHN,-157.756667,17.170556
ZHN,-158.251111,17.224444
ZHN,-159.538889,17.755833
ZHN,-160.269722,18.052500
ZHN,-160.814167,18.407778
ZHN,-162.383611,19.415000
ZHN,-162.699444,19.658056
ZHN,-163.3,20.116667
ZHN,-163.914444,21.151111
ZHN,-163.914444,22.205556
ZHN,-163.855,23.258333
ZHN,-163.266389,24.168889
ZHN,-162.649722,25.056607
ZHN,-161.691111,25.676111
ZHN,-160.631667,26.105000
ZHN,-158.621944,26.144722
ZAN,-141,72.000000
ZAN,-141,62.000000
ZAN,-139.183334,60.349998
ZAN,-139.074997,60.351391
ZAN,-139.066666,60.320831
ZAN,-139.199997,60.086109
ZAN,-139.050003,59.991669
ZAN,-138.708328,59.900002
ZAN,-138.666672,59.808334
ZAN,-135.024994,59.349998
ZAN,-134.958328,59.283333
ZAN,-134.699997,59.250000
ZAN,-134.683334,59.191666
ZAN,-134.574997,59.133331
ZAN,-134.483337,59.133331
ZAN,-134.449997,59.091667
ZAN,-134.383331,59.041668
ZAN,-134.40834,58.974998
ZAN,-134.316666,58.962502
ZAN,-134.337494,58.924999
ZAN,-134.25,58.858334
ZAN,-133.958328,58.766666
ZAN,-133.833328,58.724998
ZAN,-133.691666,58.599998
ZAN,-133.558334,58.525002
ZAN,-133.375,58.424999
ZAN,-133.458328,58.387501
ZAN,-133.34166,58.275002
ZAN,-133.25,58.212502
ZAN,-133.175003,58.158333
ZAN,-133.070831,58.000000
ZAN,-132.866669,57.837502
ZAN,-132.75,57.700001
ZAN,-132.666672,57.616669
ZAN,-132.550003,57.491669
ZAN,-132.366669,57.349998
ZAN,-132.25,57.208332
ZAN,-132.375,57.087502
ZAN,-132.041672,57.041668
ZAN,-132.083328,57.000000
ZAN,-132.133331,56.875000
ZAN,-131.875,56.808334
ZAN,-131.899994,56.750000
ZAN,-131.866669,56.704166
ZAN,-131.84166,56.599998
ZAN,-131.583328,56.612499
ZAN,-131.46666,56.549999
ZAN,-131.183334,56.450001
ZAN,-131.083328,56.408333
ZAN,-130.78334,56.362499
ZAN,-130.625,56.266666
ZAN,-130.550003,56.245834
ZAN,-130.46666,56.241669
ZAN,-130.433334,56.141666
ZAN,-130.34166,56.129166
ZAN,-130.25,56.095833
ZAN,-130.100006,56.125000
ZAN,-130,56.008331
ZAN,-130.016663,55.916668
ZAN,-130,55.908333
ZAN,-130.083328,55.825001
ZAN,-130.125,55.808334
ZAN,-130.149994,55.766666
ZAN,-130.145828,55.716667
ZAN,-130.108337,55.683334
ZAN,-130.125,55.583332
ZAN,-130.09584,55.504166
ZAN,-130.03334,55.445831
ZAN,-130.024994,55.341667
ZAN,-129.97084,55.283333
ZAN,-130.100006,55.191666
ZAN,-130.1875,55.066666
ZAN,-130.266663,54.974998
ZAN,-130.449997,54.849998
ZAN,-130.550003,54.795834
ZAN,-130.629166,54.779167
ZAN,-130.649994,54.762501
ZAN,-130.625,54.741669
ZAN,-130.608337,54.708332
ZAN,-131.800003,54.491669
ZAN,-132.833328,54.583332
ZAN,-134,54.108334
ZAN,-135.449997,54.108334
ZAN,-136,54.000000
ZAN,-137,53.367444
ZAN,-151.75,56.761665
ZAN,-153,56.000000
ZAN,-160,53.500000
ZAN,-164,52.500000
ZAN,-167.816666,51.400002
ZAN,-176.566666,50.133331
ZAN,-177.100006,50.216667
ZAN,-181.5,49.596668
ZAN,-197.083328,45.700001
ZAN,-200.204163,49.264168
ZAN,-201,50.083332
ZAN,-191,54.000000
ZAN,-183.928889,58.170417
ZAN,-180,60.000000
ZAN,-172.2,64.050000
ZAN,-168.973053,65.000000
ZAN,-168.973053,69.166664
ZAN,-168.973053,90.000000
ZAN,-141,90.000000
